,Word,Likelihood
1,SALES,6.573644419925702e-05
2,BONES,4.561047645099754e-05
3,TONES,4.3921199545405036e-05
4,TALES,3.906622969555846e-05
5,FARES,3.616678296034123e-05
6,LANES,3.268040368763063e-05
7,SEATS,3.200232122857754e-05
8,SHOES,3.163268657686168e-05
9,TRIES,3.129544704959411e-05
10,SITES,3.1052133740862806e-05
11,TIRES,3.084427455990356e-05
12,SORTS,2.9104432055541915e-05
13,MALES,2.8548398623677332e-05
14,BOATS,2.625155805625143e-05
15,SAVES,2.5335921201796977e-05
16,TILES,2.5308122715818304e-05
17,TREES,2.513119232770436e-05
18,FIRES,2.3429785483003665e-05
19,COINS,2.337370694101585e-05
20,MINES,2.2347396821179304e-05
21,BEANS,2.1966841137190366e-05
22,LINES,2.1171218041117237e-05
23,CASES,2.1035662143762245e-05
24,WALES,2.066002531976649e-05
25,ROLES,2.0620828433784326e-05
26,BASES,2.0284388495770738e-05
27,BEATS,1.975000395820785e-05
28,LOANS,1.946544100769664e-05
29,FILES,1.9224439370669673e-05
30,BOOTS,1.9189735421236426e-05
31,DATES,1.917312955811663e-05
32,SIDES,1.863128024451768e-05
33,MILES,1.849439736925184e-05
34,BEARS,1.8339289389764436e-05
35,TEARS,1.766005644940279e-05
36,TRANS,1.760581424475989e-05
37,TOOLS,1.734763685850247e-05
38,CAREY,1.7142041987344716e-05
39,CODES,1.712577276704122e-05
40,SELLS,1.686624305351455e-05
41,TUNES,1.6829618517398192e-05
42,WIRES,1.6311875969179768e-05
43,WINES,1.6172458225853444e-05
44,RATES,1.6160209198984017e-05
45,COMES,1.5902503283681133e-05
46,MEANS,1.545814746691174e-05
47,CALLS,1.5420565077499016e-05
48,SOULS,1.5412708131977194e-05
49,HOLES,1.5028739366995357e-05
50,FAILS,1.4955882870922596e-05
51,GENES,1.4933128907264553e-05
52,BALLS,1.4869830610445481e-05
53,PAIRS,1.4793318926673437e-05
54,MAILS,1.4387937951773636e-05
55,TIONS,1.4310390604375183e-05
56,PARIS,1.4120895339097372e-05
57,PARTS,1.4120895339097372e-05
58,PANTS,1.4000203925942693e-05
59,SLOTS,1.3948925020628764e-05
60,CENTS,1.3893873263214015e-05
61,SENDS,1.3734377269120996e-05
62,FEARS,1.3414850572142503e-05
63,MOSES,1.3281211533623804e-05
64,POOLS,1.3177531844439375e-05
65,PORTS,1.3138572185073207e-05
66,TEENS,1.3112543680766007e-05
67,MEALS,1.3047243733540184e-05
68,FONTS,1.3026276696311898e-05
69,PAGES,1.2982947729353262e-05
70,GATES,1.2873386989021166e-05
71,CARDS,1.266539618117956e-05
72,SAINT,1.2658186232650904e-05
73,SUITS,1.2581930368607144e-05
74,SEEDS,1.2550379228679531e-05
75,BEADS,1.2494900463355989e-05
76,SHOTS,1.2350610695348383e-05
77,SPIES,1.2182677973884046e-05
78,BANDS,1.210867546991892e-05
79,TONER,1.2084827093854048e-05
80,DEALS,1.2017198175629117e-05
81,BORED,1.1977286919492721e-05
82,FACES,1.1746476517033903e-05
83,BRASS,1.1741351066547703e-05
84,BLUES,1.1641475136703205e-05
85,MODES,1.1621060091920827e-05
86,DOORS,1.154937779981822e-05
87,BABES,1.140996852887104e-05
88,BONDS,1.1266332828533255e-05
89,BELTS,1.1087721520397391e-05
90,LOADS,1.1072085710799923e-05
91,FALLS,1.0877005724307343e-05
92,CELLS,1.0794395554249312e-05
93,MONEY,1.0730406852979587e-05
94,GOALS,1.0724842879368026e-05
95,TAPES,1.0580437209213749e-05
96,GAINS,1.054196311884101e-05
97,ROOTS,1.0483281387527307e-05
98,THREE,1.0411672839012757e-05
99,ROSES,1.0310414216892163e-05
100,TIMES,1.0281424853301186e-05
101,MOVES,1.0237600557168349e-05
102,POLLS,1.0120344456529441e-05
103,MAINE,1.008673293506127e-05
104,THATS,1.0040834770563458e-05
105,TELLS,1.002336730037436e-05
106,SONGS,1.0011152976369903e-05
107,LIONS,9.907193495336665e-06
108,PENIS,9.800142748159885e-06
109,WANTS,9.746977416795545e-06
110,JONES,9.713342207156882e-06
111,LOVES,9.69877947521212e-06
112,BILLS,9.633064178071202e-06
113,PLANS,9.581120496000215e-06
114,SINCE,9.340748875112789e-06
115,SHARE,9.283316171009115e-06
116,SENSE,9.175476320275527e-06
117,ROADS,9.072959124127715e-06
118,TOURS,9.059991910623116e-06
119,WAGES,9.03876107739784e-06
120,SORRY,9.035167094165484e-06
121,DOLLS,8.967393822241276e-06
122,CROSS,8.900742632210734e-06
123,FOODS,8.88051059081784e-06
124,RACES,8.772684993734181e-06
125,CLASS,8.723259167186353e-06
126,SHEET,8.65051031264047e-06
127,MEETS,8.615228064074207e-06
128,SHINE,8.58353274651238e-06
129,SEEKS,8.501869800073232e-06
130,FEELS,8.407019007745884e-06
131,LEADS,8.329933642237326e-06
132,CAKES,8.326616265239222e-06
133,PEERS,8.315638366357341e-06
134,BOOKS,8.22417232338704e-06
135,SAUCE,8.203689419359647e-06
136,BANKS,8.202651124783784e-06
137,TRIED,8.147927042497875e-06
138,SIGNS,8.090874687858277e-06
139,LANDS,8.07245031327928e-06
140,SALLY,8.055306276615148e-06
141,MARIE,8.038259649250246e-06
142,TIRED,8.030462015596192e-06
143,WAVES,7.962718091993335e-06
144,BASIS,7.919801085998136e-06
145,BIRDS,7.911939260385927e-06
146,RULES,7.901438932571565e-06
147,TANKS,7.898849231273273e-06
148,DIANE,7.796785413489801e-06
149,TAKES,7.731857960579278e-06
150,BURNS,7.655002501551138e-06
151,COSTS,7.641779083301262e-06
152,WALLS,7.572598921986124e-06
153,ROLLS,7.558231935889076e-06
154,SEEMS,7.489742442921656e-06
155,SUITE,7.444929212193577e-06
156,MOORE,7.4197186203396844e-06
157,MONTE,7.415152639650245e-06
158,CHRIS,7.398509830941496e-06
159,CHAOS,7.392702523381887e-06
160,SHEER,7.380710633720767e-06
161,TURNS,7.371483890382577e-06
162,SLUTS,7.365032410891987e-06
163,TRACE,7.35925138074215e-06
164,BUSES,7.231825463709567e-06
165,TEAMS,7.180462512394541e-06
166,GAMES,7.1723156081689354e-06
167,PILLS,7.046408056181713e-06
168,CASEY,7.032632610192704e-06
169,SAVER,6.971126247831713e-06
170,STATS,6.957026354038595e-06
171,NOTES,6.8808908439004904e-06
172,READS,6.825917845722253e-06
173,BREED,6.794687411313787e-06
174,SHORE,6.786049832609002e-06
175,MILLS,6.77882294012418e-06
176,LOUIS,6.7547868682752225e-06
177,LIVES,6.75288851311498e-06
178,PEACE,6.716584264613907e-06
179,PANEL,6.683529304459963e-06
180,AREAS,6.68329517081381e-06
181,SAVED,6.596334514077319e-06
182,SANDY,6.559529295903097e-06
183,TALKS,6.536978674157192e-06
184,STARS,6.460095900178696e-06
185,BOOTY,6.415503262129338e-06
186,BOARD,6.3465305190937526e-06
187,LEONE,6.334371759458334e-06
188,SHADE,6.32489673189632e-06
189,PLOTS,6.296943295026698e-06
190,RIDES,6.281403053865961e-06
191,COAST,6.270917878876629e-06
192,SOLID,6.217423810378246e-06
193,CARRY,6.2148439077624265e-06
194,WOODS,6.182633955632673e-06
195,BELLE,6.159101436279193e-06
196,FORCE,6.108380982071229e-06
197,HOMES,6.105425367841864e-06
198,FIRED,6.100062492616339e-06
199,HONEY,6.071151245764766e-06
200,SALAD,6.0685993419055255e-06
201,PARKS,6.051812288184588e-06
202,BONUS,5.996596505509636e-06
203,BARRY,5.992885196770912e-06
204,SOLAR,5.96725613155157e-06
205,ALIAS,5.9624553931676e-06
206,LANCE,5.9322263229863005e-06
207,TRADE,5.925630981896277e-06
208,WATTS,5.881796717031795e-06
209,CLONE,5.875359313120773e-06
210,VOTES,5.8614996077670845e-06
211,MARKS,5.8219966316712495e-06
212,WORDS,5.786945382472182e-06
213,DANCE,5.767442258458903e-06
214,FINDS,5.7379717776334785e-06
215,PAINT,5.714266927882408e-06
216,TAXES,5.697158497268941e-06
217,PLANE,5.669302068639181e-06
218,FEEDS,5.665599766089617e-06
219,MAKES,5.650203894269472e-06
220,LEASE,5.564948987942477e-06
221,MINDS,5.520074115191701e-06
222,SLIDE,5.514213373690414e-06
223,LINED,5.5120330994624756e-06
224,BOXES,5.5047126751203925e-06
225,DRIED,5.484181663219724e-06
226,LOOKS,5.482781548924693e-06
227,LATER,5.426173944258198e-06
228,LOOSE,5.407082395389244e-06
229,POSTS,5.390183460542854e-06
230,FOTOS,5.374141247862667e-06
231,LAKES,5.3528247419395e-06
232,TESTS,5.33853258389504e-06
233,FARMS,5.331358444353089e-06
234,PRESS,5.323915628723764e-06
235,CORPS,5.321953290156236e-06
236,POINT,5.316752706812327e-06
237,WHATS,5.310056849817214e-06
238,WELLS,5.300819245390287e-06
239,SARAH,5.294939127507768e-06
240,GOODS,5.283341743904284e-06
241,BASED,5.281142566946228e-06
242,SILLY,5.2184375444159005e-06
243,BLESS,5.2142789758745495e-06
244,PIPES,5.206618996223037e-06
245,BIKES,5.20154926010208e-06
246,CITED,5.174130687234891e-06
247,LEEDS,5.1635845969424356e-06
248,WIVES,5.1584565030739436e-06
249,NAILS,5.111504272340634e-06
250,GRASS,5.109662038219834e-06
251,GIRLS,5.109203309723529e-06
252,PLATE,5.097170667216878e-06
253,RAISE,5.028755072646432e-06
254,FILED,5.005179481121098e-06
255,DATED,4.991820713355809e-06
256,MEANT,4.98502388725852e-06
257,HEADS,4.974821480780625e-06
258,FORMS,4.960481335180701e-06
259,FAIRY,4.945695380810942e-06
260,HINTS,4.936670696395974e-06
261,TERMS,4.912948034796265e-06
262,FALSE,4.897031133917636e-06
263,CRAPS,4.870486368345714e-06
264,HANDS,4.8210467148751256e-06
265,JOINS,4.7999576753871835e-06
266,CHESS,4.787802454699625e-06
267,CAUSE,4.773055662172885e-06
268,BRAND,4.760060838137175e-06
269,SOUND,4.754267314185916e-06
270,BRIDE,4.7501009490504565e-06
271,PARTY,4.720891045319535e-06
272,DRESS,4.717393595071689e-06
273,SANTA,4.679492923340519e-06
274,JEANS,4.678123575512763e-06
275,CHILE,4.63668264325366e-06
276,TUNER,4.630634680822579e-06
277,FOLKS,4.620157251893875e-06
278,DANNY,4.612830279054436e-06
279,FACTS,4.5862736998777786e-06
280,CHASE,4.57024796111218e-06
281,FENCE,4.5562793841825336e-06
282,BEAST,4.549345797642976e-06
283,SATIN,4.5402787998604765e-06
284,TASTE,4.51270717150891e-06
285,SPOTS,4.504340371244705e-06
286,POEMS,4.4941112951209765e-06
287,RANKS,4.48107792928003e-06
288,WILEY,4.47456709941997e-06
289,DAILY,4.430418452138332e-06
290,BOOST,4.420289858230707e-06
291,FLEET,4.4104517788951475e-06
292,BLADE,4.40850617252444e-06
293,GIVES,4.408135557172279e-06
294,FORTY,4.39248123347122e-06
295,DAIRY,4.38226172983248e-06
296,PRICE,4.3152425437685075e-06
297,SEVEN,4.302609103500434e-06
298,SHAKE,4.284607463542669e-06
299,SALON,4.2570077610353625e-06
300,CONST,4.2539559880098775e-06
301,WIRED,4.246878950555679e-06
302,RATED,4.207391744114182e-06
303,CANDY,4.198098749377982e-06
304,BERRY,4.195019637739638e-06
305,BRAKE,4.1685270058749245e-06
306,PETER,4.1676030432983104e-06
307,TRACY,4.1579770301193145e-06
308,COVER,4.1511541343610055e-06
309,WATER,4.144993985197234e-06
310,NODES,4.128534506340294e-06
311,NAMES,4.120266413203431e-06
312,BUTTS,4.11772266608961e-06
313,STATE,4.116583641442956e-06
314,BOOBS,4.11208616169352e-06
315,SUNNY,4.11143568350504e-06
316,ALONE,4.091768093066253e-06
317,ALIEN,4.079491287220782e-06
318,HOPES,4.0702835785612425e-06
319,SOCKS,4.051166366705468e-06
320,TERRY,4.039648540045577e-06
321,TRACT,4.010792002504472e-06
322,METER,4.009339636590779e-06
323,PLACE,4.004919809956119e-06
324,TITLE,4.0023414794930215e-06
325,LARRY,3.995256797847274e-06
326,WINDS,3.994790478099257e-06
327,BRAIN,3.987890835620344e-06
328,COACH,3.98692301840505e-06
329,ROOMS,3.957973585086841e-06
330,DAVIS,3.956845064185026e-06
331,WORKS,3.920188807481156e-06
332,TUBES,3.917238792842682e-06
333,SHIRT,3.905507399663133e-06
334,DEALT,3.875368642436609e-06
335,ARISE,3.873290200390606e-06
336,WORSE,3.86606391270331e-06
337,PIECE,3.853173944837167e-06
338,TRAIN,3.840191175041813e-06
339,HILLS,3.835386663491312e-06
340,WRITE,3.823632633718931e-06
341,SHAME,3.7745351464542556e-06
342,CLOSE,3.7731665313619647e-06
343,COUNT,3.768837361791017e-06
344,HOURS,3.7459581938153265e-06
345,GROSS,3.7351330688741475e-06
346,SHIPS,3.726355684082255e-06
347,LASER,3.7208049903484784e-06
348,HOLDS,3.7122782500147893e-06
349,COLIN,3.7078454723710264e-06
350,SHORT,3.6983971587719063e-06
351,DIARY,3.677722220500717e-06
352,FANCY,3.6775683600901876e-06
353,DENSE,3.670190528110211e-06
354,PHONE,3.669367353757998e-06
355,GLASS,3.660653400515702e-06
356,LOOPS,3.655187699283129e-06
357,PENNY,3.644135920453004e-06
358,WROTE,3.62086423647626e-06
359,MOTEL,3.6100926321055826e-06
360,BOOTH,3.576785004549985e-06
361,CROPS,3.560297052884294e-06
362,LINKS,3.5425942538921273e-06
363,SHOPS,3.5287459129566812e-06
364,JAMES,3.50985657421033e-06
365,SALEM,3.5007573833923856e-06
366,TRIPS,3.491125567285399e-06
367,BELLY,3.479892311497744e-06
368,PRIDE,3.474610879398019e-06
369,LIKES,3.4676995067347197e-06
370,WALKS,3.457056029602361e-06
371,FIRMS,3.4537930791678708e-06
372,TOOTH,3.4443114858629485e-06
373,PASTE,3.4279217937423448e-06
374,LISTS,3.4204358313441228e-06
375,THERE,3.4198588962140177e-06
376,SPARE,3.3856800153092065e-06
377,DAISY,3.3709705614096004e-06
378,JANET,3.3666079900102725e-06
379,CANAL,3.3597972720186045e-06
380,STONE,3.3469657545447116e-06
381,CHOSE,3.3408245329767394e-06
382,PRINT,3.3291816014619246e-06
383,GRACE,3.325815527835395e-06
384,HIRED,3.320287179525349e-06
385,CANON,3.2920860018673466e-06
386,ROUTE,3.2752500429671114e-06
387,TASKS,3.268489337078596e-06
388,BLAIR,3.2402520368054633e-06
389,CHART,3.2380206804479794e-06
390,PHASE,3.2236570439987694e-06
391,BILLY,3.2205214559823845e-06
392,GENRE,3.203552018107627e-06
393,CREEK,3.202882954828048e-06
394,CAMEL,3.185689218887071e-06
395,MENUS,3.174729787184835e-06
396,FUNDS,3.157809971583525e-06
397,CORAL,3.153021143058539e-06
398,FRONT,3.1526340922934894e-06
399,COURT,3.1464605497521333e-06
400,SPINE,3.1304648840221622e-06
401,THOSE,3.1021942091926866e-06
402,PLANT,3.0897696274083534e-06
403,FERRY,3.068579179457698e-06
404,PERRY,3.068579179457698e-06
405,MERIT,3.0665960561889685e-06
406,SOUTH,3.0601382816705426e-06
407,FACED,3.0582542411212527e-06
408,ALICE,3.0523839191137904e-06
409,BROKE,3.047168863943658e-06
410,TIGER,3.0465214289936605e-06
411,LEAST,3.0328971984286503e-06
412,HORSE,3.0225590590225873e-06
413,MOUSE,3.013547255030272e-06
414,SPECS,3.0011776416407574e-06
415,FLAGS,2.9886063932477735e-06
416,BLOGS,2.9866153163701936e-06
417,BLAKE,2.9864074071939754e-06
418,CHAIR,2.975231422684029e-06
419,FAITH,2.969437253829306e-06
420,ALLEN,2.9669027543423863e-06
421,LEARN,2.9661178105733404e-06
422,SHALL,2.9563791498444413e-06
423,MERRY,2.9520508561871525e-06
424,TRAIL,2.9503907808248074e-06
425,WHALE,2.949675342248422e-06
426,BRUCE,2.949659460297461e-06
427,CRIME,2.939727946963126e-06
428,LOGOS,2.9387709102236356e-06
429,MINUS,2.938103964537518e-06
430,BOUND,2.9340621138975937e-06
431,HOSTS,2.9338973266245913e-06
432,BEACH,2.8923822364831027e-06
433,SOLVE,2.88377727754093e-06
434,COLOR,2.8750105946172055e-06
435,TREAT,2.8736851030323676e-06
436,LADEN,2.870621054381756e-06
437,SPACE,2.864806166800098e-06
438,SHAPE,2.8564049756951123e-06
439,GIANT,2.8530665480934464e-06
440,TREND,2.8413965063690826e-06
441,BROAD,2.8411222074293724e-06
442,WORRY,2.8396239438805806e-06
443,FILMS,2.833881500855689e-06
444,TIMER,2.828912755494113e-06
445,FATTY,2.824464727968953e-06
446,FIXES,2.8035640748893275e-06
447,BRIAN,2.7956642521105028e-06
448,STORE,2.794255813427236e-06
449,TEACH,2.78525696846521e-06
450,GREEN,2.7553372562293072e-06
451,HELEN,2.743037896409234e-06
452,SHOOT,2.7229957103045904e-06
453,CINDY,2.7196378854666058e-06
454,RALLY,2.7157889732588215e-06
455,BLAST,2.712653394867861e-06
456,DIRTY,2.709900583526844e-06
457,BETTY,2.7029054865120613e-06
458,GRAMS,2.700821363059055e-06
459,FORGE,2.6972071868885945e-06
460,POLAR,2.6937899108147085e-06
461,CLIPS,2.6934975674119264e-06
462,HAIRY,2.691960776897095e-06
463,FRAME,2.6862002729656975e-06
464,GRADE,2.677929386049279e-06
465,WEEKS,2.6720162228801585e-06
466,LOVER,2.6685990863749324e-06
467,MOVED,2.6654107959491557e-06
468,SIZES,2.661611463502526e-06
469,HORNY,2.6592042807129436e-06
470,DEREK,2.654741015739226e-06
471,SERVE,2.6441643583060018e-06
472,LARGE,2.6420058567890175e-06
473,ACRES,2.639359064689734e-06
474,BLIND,2.6324295601324205e-06
475,BLAME,2.6308827158613594e-06
476,THESE,2.6306606893953985e-06
477,CHAIN,2.623322329678391e-06
478,DISCS,2.612832926721205e-06
479,DOVER,2.5944713339756286e-06
480,COCKS,2.5927464746914995e-06
481,DRAIN,2.584744060124297e-06
482,COULD,2.5681766922868506e-06
483,CABLE,2.5662922651163303e-06
484,GRANT,2.565845083520281e-06
485,MOUNT,2.557425352643904e-06
486,KAREN,2.554510997798051e-06
487,CAROL,2.5510897728936305e-06
488,SPEED,2.547068767715402e-06
489,BUNNY,2.5373431646773965e-06
490,COLON,2.5349555780495793e-06
491,MANOR,2.5335870929005235e-06
492,LOVED,2.5251260172149897e-06
493,HAYES,2.523809911221475e-06
494,RESET,2.501485636955159e-06
495,PEARL,2.5004011421449044e-06
496,MERCY,2.4978891860045136e-06
497,BLOND,2.492831022852671e-06
498,ROGER,2.4822779789928987e-06
499,HENCE,2.4800001711373285e-06
500,ARRAY,2.466223217967215e-06
501,CRUDE,2.4630153069150516e-06
502,ALTER,2.4535743052297937e-06
503,FORTH,2.448905466448556e-06
504,ELLIS,2.4486341521926606e-06
505,CREST,2.434063440770718e-06
506,WHITE,2.4254386109411127e-06
507,LOTUS,2.412423881526865e-06
508,FAULT,2.4115254925008326e-06
509,BREAD,2.409271631900108e-06
510,WASTE,2.3865278310864425e-06
511,HARRY,2.3860561431587888e-06
512,DEATH,2.3859718785803374e-06
513,CHIPS,2.3848676378126435e-06
514,TABLE,2.3829856747508784e-06
515,MOVIE,2.3651779971298196e-06
516,SLOPE,2.358229082101228e-06
517,HEART,2.3547076860022436e-06
518,BUILT,2.350739654550069e-06
519,RINGS,2.350014574506484e-06
520,MONTH,2.335773081489827e-06
521,BIRTH,2.330994130254949e-06
522,AARON,2.312467430190995e-06
523,SLAVE,2.3043267030817714e-06
524,SURGE,2.2894193263842028e-06
525,READY,2.2820376229781496e-06
526,WHILE,2.2769423694549224e-06
527,CRASH,2.2695313698652363e-06
528,EARLY,2.2439781770570773e-06
529,BATHS,2.2392294737197114e-06
530,WORLD,2.2356895312318565e-06
531,DROPS,2.2251856580526835e-06
532,RANDY,2.211498448333044e-06
533,SPICE,2.2114293217404263e-06
534,PAPER,2.211381206648083e-06
535,BAKER,2.209227963019409e-06
536,FEVER,2.202875894314821e-06
537,TEETH,2.19740634832662e-06
538,WINGS,2.190691552506044e-06
539,ROVER,2.1867686957794584e-06
540,DELAY,2.1819373088396685e-06
541,BADLY,2.1749326946860903e-06
542,CHOIR,2.1748767709678575e-06
543,DONOR,2.1712319594765357e-06
544,MODEL,2.1660555792633495e-06
545,WHOLE,2.1561954256201916e-06
546,RANGE,2.146472944428304e-06
547,FOUND,2.146212101832499e-06
548,POUND,2.146212101832499e-06
549,NOISE,2.1412046285741407e-06
550,MORAL,2.1395500613611514e-06
551,WHORE,2.132758518819972e-06
552,PURSE,2.1278132562864945e-06
553,BLEND,2.113920707379065e-06
554,TRASH,2.1074219863034337e-06
555,FIRST,2.107183847277375e-06
556,WORST,2.1070048324233035e-06
557,PLAIN,2.08983997355892e-06
558,START,2.0832853642588104e-06
559,PRIME,2.073558105447205e-06
560,GRAND,2.0715079573374744e-06
561,TRIAL,2.068336967008583e-06
562,STEEL,2.058756097072017e-06
563,CARLO,2.0573109658682584e-06
564,RULED,2.0571793670600523e-06
565,KILLS,2.051485889774423e-06
566,MARIA,2.0497562105588126e-06
567,HOTEL,2.0425524102702637e-06
568,CHILD,2.0401403630316106e-06
569,AUTOS,2.0331839241292805e-06
570,FIELD,2.0256685881429676e-06
571,FROST,2.0246273987205893e-06
572,STAND,2.014605626975553e-06
573,AIMED,2.007615503899048e-06
574,VOICE,2.006388040849102e-06
575,ELITE,1.9922319285591175e-06
576,MARCH,1.9894692631894357e-06
577,DIANA,1.9881802804398993e-06
578,BRAVE,1.98501285994044e-06
579,PACKS,1.9655458713761908e-06
580,CHEAT,1.963079949832674e-06
581,BENCH,1.962083856327719e-06
582,MERGE,1.9521487719607737e-06
583,GUESS,1.938255321471886e-06
584,DONNA,1.937069244540212e-06
585,NEEDS,1.9363442238534132e-06
586,FLAME,1.9244419866022906e-06
587,BASIN,1.9213718611001394e-06
588,TRULY,1.9174630915838445e-06
589,CAMPS,1.9066187799625144e-06
590,HEARD,1.9010484070476831e-06
591,BUILD,1.8978448587193215e-06
592,WOMEN,1.8945554155061788e-06
593,CLEAR,1.8916759624507406e-06
594,TODAY,1.8851396252148938e-06
595,SCALE,1.8770661268853594e-06
596,WEIRD,1.8770041391494872e-06
597,TAKEN,1.8757761916198249e-06
598,THIRD,1.8738245725670769e-06
599,LATIN,1.8680004205140247e-06
600,YEARS,1.8678905859945257e-06
601,LIVER,1.8580432891115183e-06
602,SHARK,1.856663234201823e-06
603,FUNNY,1.8560195371251325e-06
604,FLOAT,1.8441808629710785e-06
605,PERTH,1.842400841580456e-06
606,HOLLY,1.8416131268922385e-06
607,RELAY,1.8390614460220063e-06
608,SHELL,1.8326092975643905e-06
609,WHERE,1.8085792239593362e-06
610,ARMED,1.8055065605535064e-06
611,BYTES,1.8006069498057357e-06
612,NOTED,1.7914745392403642e-06
613,SNAKE,1.764250132046981e-06
614,LIVED,1.7581484886216517e-06
615,CATCH,1.7540979558485353e-06
616,TOTAL,1.7516784128102994e-06
617,SUPER,1.7464678214309297e-06
618,PRIOR,1.7459919668975046e-06
619,PULSE,1.7458980564402005e-06
620,BURKE,1.7453455570552511e-06
621,TOKEN,1.7452874130723587e-06
622,EUROS,1.7427290778250977e-06
623,GRAIN,1.7354710117977423e-06
624,RIDER,1.7283150414483268e-06
625,THEIR,1.7125601087964044e-06
626,CLARA,1.7111008366404e-06
627,HOUSE,1.7050333153460748e-06
628,WORTH,1.7049341855021595e-06
629,BATCH,1.6914516002825162e-06
630,OASIS,1.686624305351455e-06
631,MALTA,1.6818512496892822e-06
632,MAPLE,1.6769158451950626e-06
633,FILME,1.6768529590862065e-06
634,KINDS,1.670548745386962e-06
635,CLEAN,1.6679293432361369e-06
636,LOCKS,1.6667655908731067e-06
637,ALIKE,1.6649366831529766e-06
638,CLOTH,1.6639664403306265e-06
639,HENRY,1.6559637506366978e-06
640,PILOT,1.6548725892171035e-06
641,TOWNS,1.6442542761537124e-06
642,MINOR,1.6413238123572957e-06
643,WHOSE,1.640583476015363e-06
644,SHOWS,1.6383463167298876e-06
645,PATHS,1.6379548928134924e-06
646,WANNA,1.635776097692502e-06
647,PIANO,1.6278574116879065e-06
648,HANDY,1.6117700555647608e-06
649,WIDER,1.611141140333186e-06
650,BIBLE,1.6031356805222047e-06
651,ROUND,1.6028672659255373e-06
652,PORNO,1.5996818506943679e-06
653,JOKES,1.5909784649653515e-06
654,MILAN,1.5909393432282694e-06
655,LEAVE,1.5899854251264222e-06
656,BURST,1.5853555476585197e-06
657,CRACK,1.5850695281598477e-06
658,FRANK,1.582680160828438e-06
659,ATLAS,1.5809540815217121e-06
660,REACH,1.5800977032639172e-06
661,ALERT,1.578767801028683e-06
662,STORY,1.5787545345863885e-06
663,WHEEL,1.5713771026631311e-06
664,RHODE,1.5587673650036879e-06
665,TEXTS,1.5570720036360534e-06
666,MAKER,1.5546418999025472e-06
667,DRUMS,1.552543821989901e-06
668,SUCKS,1.5523160844385437e-06
669,BLANK,1.5500876542102064e-06
670,TRIBE,1.549316080156242e-06
671,JOINT,1.5479153450213106e-06
672,CHEST,1.54399546616053e-06
673,FINAL,1.535255189787694e-06
674,SWISS,1.534381752269164e-06
675,BLOOD,1.5322906287259538e-06
676,SAGEM,1.5315813552341687e-06
677,RANCH,1.5312559196208387e-06
678,VOTED,1.5260709037973474e-06
679,RIVER,1.5225632507997163e-06
680,ELLEN,1.5214885919704547e-06
681,HAVEN,1.510303603677703e-06
682,SAFER,1.5072705400717217e-06
683,POKER,1.5035913020453354e-06
684,FRUIT,1.4966045731342598e-06
685,SPAIN,1.494907945221142e-06
686,WOUND,1.494198298744145e-06
687,WRIST,1.488485560983441e-06
688,FIBER,1.4876900659440197e-06
689,MARIO,1.4870780351112954e-06
690,KOREA,1.4782573186621382e-06
691,NOTRE,1.4761334939412637e-06
692,TRACK,1.4718502761484301e-06
693,RACKS,1.4679393216606996e-06
694,HEATH,1.46566843969935e-06
695,KATIE,1.4554203818368078e-06
696,STOPS,1.4530130229821628e-06
697,SMILE,1.4489633260167687e-06
698,WENDY,1.4430964450986812e-06
699,DRILL,1.439076282145125e-06
700,FOCUS,1.4369239072110414e-06
701,BOXED,1.4331796313922915e-06
702,FATAL,1.4300861233268844e-06
703,TOUCH,1.4288972221351431e-06
704,STAGE,1.4282024878475562e-06
705,DRUGS,1.4266618904772064e-06
706,EAGLE,1.425717925064628e-06
707,DISKS,1.4251815963933844e-06
708,SWEET,1.4247899338466655e-06
709,BADGE,1.4226185382710093e-06
710,MOTOR,1.4225312837949716e-06
711,TWINS,1.4198980852018974e-06
712,LABEL,1.4178067402739162e-06
713,TEXAS,1.4140755951388647e-06
714,DRAWS,1.4133107765288901e-06
715,TRUST,1.4072954394752532e-06
716,CHINA,1.4008325442308204e-06
717,THEME,1.3904920786804249e-06
718,SCENE,1.378567380500473e-06
719,SPENT,1.3700526996209114e-06
720,ROCKS,1.3658218036321292e-06
721,LEVEL,1.360044243447942e-06
722,SCORE,1.3572099665218005e-06
723,LUCAS,1.3533661862696855e-06
724,SPORT,1.3488271990815187e-06
725,GREEK,1.3440669542581987e-06
726,CLARK,1.3420398718748236e-06
727,HONOR,1.3337567751070146e-06
728,EARTH,1.3326588365862249e-06
729,MOUTH,1.32897433946835e-06
730,DEVEL,1.322265236685499e-06
731,THANK,1.3216410940603998e-06
732,GONNA,1.3006036356198566e-06
733,SINGH,1.2992132526293243e-06
734,GREAT,1.298684613870397e-06
735,FULLY,1.2964540139108803e-06
736,SONIC,1.2805773473080193e-06
737,SPRAY,1.2800670644347627e-06
738,CONDO,1.2789744477712528e-06
739,PICKS,1.2733318905871846e-06
740,GUIDE,1.2649868060835032e-06
741,HELPS,1.2613016544367403e-06
742,WOULD,1.26115819710515e-06
743,CEDAR,1.25702760004834e-06
744,NANCY,1.2568904521827224e-06
745,TROUT,1.2565137852457618e-06
746,ANNIE,1.244673309533028e-06
747,YARDS,1.2439228392229924e-06
748,PATCH,1.2372655224288776e-06
749,ARENA,1.2350388223706526e-06
750,STEPS,1.232155043488874e-06
751,LAMPS,1.2256835014044734e-06
752,VERSE,1.216315604820761e-06
753,RISKS,1.2012244883887097e-06
754,BLINK,1.196558890969282e-06
755,MATCH,1.1902807557543633e-06
756,FLOOR,1.1845264361584157e-06
757,BRICK,1.1798637841189845e-06
758,BEGIN,1.1768402649238356e-06
759,MARCO,1.168418456158875e-06
760,GLORY,1.1629943608251077e-06
761,LAYER,1.1627515594838996e-06
762,FIBRE,1.1599177140976377e-06
763,TAMIL,1.1549709917080616e-06
764,COSTA,1.1530495066519655e-06
765,HERBS,1.152908543508583e-06
766,SHOCK,1.1484084332107542e-06
767,FLASH,1.1468634001237975e-06
768,SPOKE,1.1422672116427822e-06
769,TRUTH,1.138747318914838e-06
770,ROUGE,1.136311239396753e-06
771,TRICK,1.1361651254479109e-06
772,DICKS,1.1282687638114293e-06
773,FLOOD,1.1208422191606513e-06
774,CABIN,1.1208002523084149e-06
775,SIMON,1.1203565262398774e-06
776,SPLIT,1.1155838495788068e-06
777,PROBE,1.1144737974608749e-06
778,SPEND,1.1060975923544973e-06
779,AHEAD,1.1037500635363264e-06
780,BITCH,1.0957664714873692e-06
781,BREAK,1.0951234690455037e-06
782,BLACK,1.0950160493044577e-06
783,ALLOY,1.0913623920477218e-06
784,DELTA,1.0843514636154581e-06
785,DRINK,1.0825349534425026e-06
786,VERDE,1.0773081071269596e-06
787,SAMOA,1.0756082871823342e-06
788,NAMED,1.0727320839109525e-06
789,GIVEN,1.0694293363554048e-06
790,BEGAN,1.0687630977369527e-06
791,PROVE,1.0614036166294047e-06
792,JENNY,1.0609509641825202e-06
793,KENNY,1.0609509641825202e-06
794,HOPED,1.0597188015189033e-06
795,GUARD,1.05830428437986e-06
796,FRAUD,1.0541521071205925e-06
797,ALLAN,1.0520093431731968e-06
798,SCARY,1.04901472732403e-06
799,LOGIN,1.0428315391043512e-06
800,TOWER,1.041795439125349e-06
801,BACON,1.0399261816243528e-06
802,DAVID,1.0301845137523145e-06
803,THINK,1.0202141778711857e-06
804,LAURA,1.0171722548637717e-06
805,SMART,1.0118814626399936e-06
806,CLUBS,1.0100615877794725e-06
807,SUSAN,1.008035127840236e-06
808,SUGAR,1.000351933268283e-06
809,BUNCH,9.993222125395835e-07
810,DRIVE,9.931513334334886e-07
811,FRESH,9.92327469259163e-07
812,TEDDY,9.880008263622319e-07
813,GAUGE,9.728753760398305e-07
814,BROOK,9.721919708772624e-07
815,GRILL,9.66236932297441e-07
816,WHEAT,9.640124753642594e-07
817,METAL,9.630453387467121e-07
818,YOURS,9.582683751620602e-07
819,BUCKS,9.580007835392156e-07
820,DADDY,9.500007945790691e-07
821,LOGAN,9.470612957172169e-07
822,RADAR,9.459774030976028e-07
823,BUSTY,9.43978349149199e-07
824,ELVIS,9.437444128242546e-07
825,DROVE,9.404842172665611e-07
826,STILL,9.396953334902868e-07
827,DIGIT,9.38349963798948e-07
828,VEGAS,9.381847698517469e-07
829,PATIO,9.248247339367368e-07
830,MASON,9.243788281105358e-07
831,KINGS,9.161073765025276e-07
832,STOOD,9.05216059119065e-07
833,LIKED,9.028330076705779e-07
834,CASIO,8.99070121092929e-07
835,VIRUS,8.968282405365768e-07
836,SLEEP,8.963291851197895e-07
837,LIMIT,8.962199654243013e-07
838,JERRY,8.933838117408488e-07
839,KERRY,8.933838117408488e-07
840,MILFS,8.841942965379364e-07
841,LODGE,8.824358469275246e-07
842,SUDAN,8.820307368602065e-07
843,VALID,8.782422418398109e-07
844,CLICK,8.765820485660117e-07
845,PASTA,8.74120057404298e-07
846,FLUID,8.656247729589365e-07
847,BRIEF,8.653611325729824e-07
848,GRAVE,8.638481890481544e-07
849,CURVE,8.618990405211117e-07
850,WATCH,8.613873890327629e-07
851,MEYER,8.591442078408813e-07
852,DODGE,8.579237400684267e-07
853,CRAIG,8.573785175046449e-07
854,GLENN,8.572233171547682e-07
855,BEING,8.5285981369347e-07
856,BRUSH,8.44675209085182e-07
857,ZONES,8.446384527962506e-07
858,FAVOR,8.400266643090097e-07
859,NORTH,8.369676910646965e-07
860,FLOWS,8.353088044423171e-07
861,CLERK,8.31907756834686e-07
862,CLOCK,8.300966368996322e-07
863,WAYNE,8.295010637385913e-07
864,GUILD,8.259139662945196e-07
865,LANKA,8.251187521971853e-07
866,APART,8.224300425759679e-07
867,REBEL,8.132696996293436e-07
868,SPANK,8.110749926784692e-07
869,JAMIE,8.108770698805072e-07
870,ALLAH,8.082510807306269e-07
871,TRUNK,8.041688225572876e-07
872,PITCH,8.015328819213164e-07
873,BLOCK,8.00450328438931e-07
874,SCOTT,7.965778495816414e-07
875,SHEEP,7.936247993248137e-07
876,ALIVE,7.928269919776079e-07
877,POWER,7.913638431817555e-07
878,NIGER,7.909238325272004e-07
879,LINDA,7.890731918009937e-07
880,ERROR,7.835867285270735e-07
881,CLOUD,7.826625433625104e-07
882,CHICK,7.761403555011561e-07
883,PROUD,7.705790256729478e-07
884,LEWIS,7.699806611387078e-07
885,JUICE,7.688028941571326e-07
886,CIVIL,7.644539154618953e-07
887,GHOST,7.640644679660641e-07
888,GHANA,7.615321400150909e-07
889,CARGO,7.603105743426172e-07
890,ELDER,7.549459400707058e-07
891,NEVER,7.528816347658249e-07
892,WELSH,7.517562667922294e-07
893,CACHE,7.459190883309141e-07
894,KEEPS,7.449257348635593e-07
895,MIXER,7.42101373729225e-07
896,KELLY,7.410881774485937e-07
897,ACIDS,7.355369831927259e-07
898,DOING,7.347504031014597e-07
899,PUNCH,7.309856925058064e-07
900,STEAL,7.299971818303167e-07
901,FIXED,7.299220076634935e-07
902,TOMMY,7.2773046527156e-07
903,NURSE,7.272273154396879e-07
904,FOCAL,7.223267301176538e-07
905,LOWER,7.212429963175492e-07
906,THICK,7.20701758679645e-07
907,ROMAN,7.20630966086414e-07
908,FUNKY,7.151634913693171e-07
909,JULIE,7.116192078148666e-07
910,FLESH,7.109211720065646e-07
911,BRING,7.098336337572981e-07
912,GOTTA,7.05642276206281e-07
913,MANGA,7.050617908986532e-07
914,PLAYS,7.032015042935937e-07
915,MIXED,7.022034504104495e-07
916,VAULT,7.020897003483437e-07
917,CONGO,7.013730842616548e-07
918,MYERS,6.956395331240044e-07
919,GROWS,6.936675699337703e-07
920,SIZED,6.929639313261014e-07
921,RATIO,6.906918899021199e-07
922,ELECT,6.850668959098821e-07
923,SKINS,6.826433101932199e-07
924,AWARE,6.815046224364338e-07
925,NOVEL,6.779102517807287e-07
926,HONDA,6.768317963229627e-07
927,CRAFT,6.73139916504247e-07
928,VALUE,6.721241646733247e-07
929,WOMAN,6.717746294025893e-07
930,SPELL,6.683633908764248e-07
931,DICKE,6.676146531428576e-07
932,SHAFT,6.671745907516441e-07
933,LUNCH,6.662148083597223e-07
934,NASTY,6.619360375131579e-07
935,DRYER,6.586116925096001e-07
936,LOCAL,6.583230958034312e-07
937,TYLER,6.542864813946117e-07
938,CLAIM,6.503731686777991e-07
939,STACK,6.468917150838931e-07
940,TYPES,6.440266127347499e-07
941,RURAL,6.364451055623003e-07
942,GROVE,6.314679744504053e-07
943,TOUGH,6.309416305531801e-07
944,DERBY,6.274602022260142e-07
945,SMOKE,6.264045999331386e-07
946,GUEST,6.250586687586851e-07
947,CHECK,6.232642248721405e-07
948,BUYER,6.218193122457376e-07
949,PANIC,6.213108251158e-07
950,MODEM,6.188730226466713e-07
951,OUTER,6.179809214294059e-07
952,PHOTO,6.103268818681881e-07
953,RAPID,6.101556154811005e-07
954,DRAMA,6.069452515498442e-07
955,EMACS,6.068636399791101e-07
956,ORDER,6.05922757108832e-07
957,KEITH,6.051637947677447e-07
958,WHICH,6.002960562079254e-07
959,FEWER,5.9537186332833e-07
960,QUIET,5.938362050040935e-07
961,COHEN,5.935390392634742e-07
962,TWICE,5.93519095383237e-07
963,SMALL,5.912758299688882e-07
964,TULSA,5.860913475543559e-07
965,WAGON,5.853385671423623e-07
966,LATEX,5.834595638987309e-07
967,FLOUR,5.834234685556375e-07
968,ARGUE,5.809935300585908e-07
969,METRO,5.783081247655038e-07
970,MEDAL,5.778272032480272e-07
971,NOBLE,5.756225430062949e-07
972,MPEGS,5.755133971057304e-07
973,AUDIT,5.754253469279072e-07
974,CHIEF,5.692535919081531e-07
975,VENUE,5.685050226195205e-07
976,TRUCK,5.680825627239554e-07
977,STUDY,5.679352576287913e-07
978,STAYS,5.679205186970282e-07
979,LABOR,5.586766457121844e-07
980,OPENS,5.583638105820689e-07
981,WITCH,5.580292215907898e-07
982,ALIGN,5.526004134083927e-07
983,ROBIN,5.493487572067564e-07
984,LEGAL,5.474152451823416e-07
985,DRUNK,5.412674767212513e-07
986,REALM,5.394025554741387e-07
987,ANGER,5.367193792690174e-07
988,HEAVY,5.365096653256448e-07
989,DECOR,5.351110670350244e-07
990,ANIME,5.34745288859897e-07
991,CHARM,5.34719011450125e-07
992,KITTY,5.327154993257898e-07
993,FLYER,5.325065112998728e-07
994,NAKED,5.226130665207204e-07
995,BUDDY,5.225594432790209e-07
996,PIXEL,5.225578009409101e-07
997,STEVE,5.207755889640211e-07
998,DEVIL,5.162629210963303e-07
999,MEDIA,5.150669452173426e-07
1000,SHIFT,5.150119647907428e-07
1001,REPLY,5.148683261803182e-07
1002,CREAM,5.110576188879017e-07
1003,ARMOR,5.093313735425977e-07
1004,RIDGE,5.03471802332546e-07
1005,STICK,4.99355008134935e-07
1006,ROBOT,4.99240165988171e-07
1007,JESSE,4.990012737726198e-07
1008,LEMON,4.980699080411374e-07
1009,GOING,4.933324135109801e-07
1010,PUSSY,4.932162009443566e-07
1011,SWORD,4.917890231631936e-07
1012,SMITH,4.861901942841049e-07
1013,PUMPS,4.794672537498901e-07
1014,GLOBE,4.750147151089616e-07
1015,STOCK,4.7287406073383995e-07
1016,BINGO,4.708985176876898e-07
1017,LAUGH,4.6946411762943307e-07
1018,ADAMS,4.6829103341703525e-07
1019,SHARP,4.6416580855045574e-07
1020,YEAST,4.633592942043771e-07
1021,RALPH,4.6081682847523673e-07
1022,DILDO,4.606039140781099e-07
1023,UNITS,4.603145256807492e-07
1024,DEVON,4.594020875450662e-07
1025,AGREE,4.59338507603504e-07
1026,ENTER,4.5873451219574136e-07
1027,CISCO,4.576322759227672e-07
1028,CHEVY,4.5733024292566154e-07
1029,ROCKY,4.566208988474278e-07
1030,SIGHT,4.5481248245357173e-07
1031,DOUBT,4.538164254450192e-07
1032,HELLO,4.5366344375556466e-07
1033,SIXTH,4.5195755137105294e-07
1034,VIRAL,4.508262457135186e-07
1035,RETRO,4.489497284363779e-07
1036,MACRO,4.484838518589621e-07
1037,FLUSH,4.426490316267289e-07
1038,CALIF,4.3738546431547894e-07
1039,ASIDE,4.352289841377077e-07
1040,OLDER,4.3409391554065584e-07
1041,THING,4.3359102559525396e-07
1042,UTILS,4.3213200370029514e-07
1043,CROWD,4.303655778211784e-07
1044,DEPOT,4.291184957490829e-07
1045,WIDTH,4.2613140557842136e-07
1046,QUITE,4.254245264110615e-07
1047,ANGLE,4.230662973289603e-07
1048,DRAFT,4.207124478151544e-07
1049,ALARM,4.205857098464849e-07
1050,INNER,4.1810374111554714e-07
1051,SCOPE,4.1760306662209243e-07
1052,TUMOR,4.1557385701983097e-07
1053,RADIO,4.1441513394127193e-07
1054,SIGMA,4.144042271317672e-07
1055,THONG,4.1059756211671773e-07
1056,SPEAK,4.1051995712906697e-07
1057,NERVE,4.0795678671006883e-07
1058,VALVE,4.0734797858989373e-07
1059,QUOTE,4.0286413485895976e-07
1060,CROWN,4.010224702424617e-07
1061,EDGES,4.0013487773460794e-07
1062,JESUS,3.9756144340427153e-07
1063,SHOWN,3.9746863305281297e-07
1064,BEGUN,3.962829463519038e-07
1065,SERUM,3.9265840720844127e-07
1066,DUTCH,3.9085878364016275e-07
1067,CHUCK,3.8807017775057804e-07
1068,BROWN,3.8670023916237374e-07
1069,TAHOE,3.8565227103456243e-07
1070,GRAPH,3.8095705137023613e-07
1071,KLEIN,3.771581801418793e-07
1072,GIFTS,3.721307501693837e-07
1073,DOZEN,3.709618995396714e-07
1074,SMELL,3.665218595128781e-07
1075,ANGEL,3.635840956338505e-07
1076,PROMO,3.6326538779141374e-07
1077,LEXUS,3.629908831082479e-07
1078,DEPTH,3.6277934995958345e-07
1079,QUEEN,3.5874508575865863e-07
1080,ROUGH,3.5793804040997715e-07
1081,REFER,3.557158474569263e-07
1082,VISIT,3.523599864061356e-07
1083,BASIC,3.51470462396367e-07
1084,APRIL,3.502575072679882e-07
1085,ASSET,3.4919148906227404e-07
1086,ALONG,3.478002879106315e-07
1087,HIGHS,3.465396917420819e-07
1088,ICONS,3.4538500813347433e-07
1089,IRISH,3.441269370347038e-07
1090,ACUTE,3.439712939152851e-07
1091,DRAWN,3.428742120573047e-07
1092,WRONG,3.423194607240056e-07
1093,STYLE,3.389954305520515e-07
1094,SAMBA,3.3713095568401523e-07
1095,RENEW,3.327664379435762e-07
1096,SAUDI,3.3027840519499874e-07
1097,MAYOR,3.276190206336884e-07
1098,VIEWS,3.200801127840981e-07
1099,DREAM,3.194110118049386e-07
1100,BRYAN,3.1768911955801166e-07
1101,PAXIL,3.1494031480007795e-07
1102,BLOOM,3.1342308314849056e-07
1103,VILLA,3.0954372893046027e-07
1104,GNOME,3.051309801915205e-07
1105,EVANS,3.032000156962093e-07
1106,AWARD,2.998620338720309e-07
1107,BOBBY,2.969461509899865e-07
1108,TWIST,2.940617336216947e-07
1109,CRAZY,2.9076762448386817e-07
1110,MICRO,2.905395388129798e-07
1111,SYRIA,2.872942057133347e-07
1112,DISCO,2.860201724517295e-07
1113,YEMEN,2.8506861859485495e-07
1114,YIELD,2.820551198680082e-07
1115,PRIZE,2.8021055479016283e-07
1116,JASON,2.797462242966095e-07
1117,DIEGO,2.7890062270455446e-07
1118,SANYO,2.7713683579607715e-07
1119,COMIC,2.755449188690359e-07
1120,ITALY,2.7449331714335316e-07
1121,AMEND,2.703567571358642e-07
1122,TIGHT,2.702885610009798e-07
1123,VITAL,2.697251042730453e-07
1124,SCOUT,2.682353983285119e-07
1125,VIDEO,2.68051047981142e-07
1126,QATAR,2.672252551123172e-07
1127,TAMPA,2.6713614774200064e-07
1128,SHELF,2.618013282234843e-07
1129,ENDED,2.6044281982725963e-07
1130,NAVAL,2.5834648050697243e-07
1131,HAITI,2.565517418417926e-07
1132,ASIAN,2.5615331663201537e-07
1133,MARDI,2.5427147870077304e-07
1134,SPARC,2.539260011481905e-07
1135,INTER,2.5230398170765774e-07
1136,KINDA,2.5206504738087296e-07
1137,STORM,2.5148302320845124e-07
1138,STUCK,2.496775040674675e-07
1139,VSNET,2.488362427398897e-07
1140,THEFT,2.457788701235129e-07
1141,ANGRY,2.3643427909965752e-07
1142,FORUM,2.356089807370331e-07
1143,KARMA,2.3420281084660977e-07
1144,OLIVE,2.3378231814724335e-07
1145,APPLE,2.3196696302526665e-07
1146,JOYCE,2.2799864100557977e-07
1147,LUCIA,2.2485619968671925e-07
1148,MAYBE,2.2083130904533642e-07
1149,KEVIN,2.2078727192464375e-07
1150,CYCLE,2.1984983656069048e-07
1151,DEBUT,2.1948598146523128e-07
1152,JOHNS,2.1817989433578106e-07
1153,QUILT,2.1766107912500637e-07
1154,MAGIC,2.164146828644297e-07
1155,LUCKY,2.1351891230755691e-07
1156,ROYAL,2.129444224364169e-07
1157,VOCAL,2.1029765560387386e-07
1158,FIFTY,2.091156494247821e-07
1159,STEAM,2.0857062338009048e-07
1160,FIGHT,2.053153492218981e-07
1161,ITEMS,2.0468861334692724e-07
1162,NEWER,2.0348152290968242e-07
1163,ADDED,2.031453994652625e-07
1164,ENTRY,2.020805804270577e-07
1165,JAPAN,2.0128506312884156e-07
1166,HUMAN,2.0124701302238996e-07
1167,CYBER,1.9817330926856026e-07
1168,LOBBY,1.97964100659991e-07
1169,MIGHT,1.975185638084083e-07
1170,IDEAS,1.969436387878543e-07
1171,AUDIO,1.9532787005809692e-07
1172,YOUTH,1.9235154913357697e-07
1173,LOGIC,1.9076186690933253e-07
1174,ORGAN,1.894368453660736e-07
1175,SPERM,1.8888530611725047e-07
1176,EMILY,1.871232638170227e-07
1177,LIGHT,1.8712284992375524e-07
1178,SKIRT,1.837885835135592e-07
1179,CIVIC,1.8201283701473696e-07
1180,JULIA,1.8146289799279097e-07
1181,CHEAP,1.8009907796630034e-07
1182,QUERY,1.792331025583659e-07
1183,ORBIT,1.782492213111575e-07
1184,OWNER,1.7484338264831971e-07
1185,LYCOS,1.7394594172663263e-07
1186,HUMOR,1.7182380626781475e-07
1187,INTEL,1.709156005116391e-07
1188,TOPIC,1.7057542596654602e-07
1189,GROWN,1.6828621519103302e-07
1190,AMBER,1.6758788781257074e-07
1191,USERS,1.6671812119043337e-07
1192,OWNED,1.6544320078550682e-07
1193,VISTA,1.6486568171296253e-07
1194,HAPPY,1.6314913799376332e-07
1195,RELAX,1.627488005329209e-07
1196,PROOF,1.6000659520688277e-07
1197,GAMMA,1.595294508665313e-07
1198,PAPUA,1.5943771455205944e-07
1199,KATHY,1.5942793672467483e-07
1200,ANNEX,1.5939438810856634e-07
1201,TURBO,1.5546503943399552e-07
1202,UNITY,1.538921343252209e-07
1203,RIGHT,1.5333677979863275e-07
1204,ARUBA,1.4815335016494065e-07
1205,KODAK,1.475773021781571e-07
1206,COMBO,1.4564517140220466e-07
1207,ADULT,1.4493042585640668e-07
1208,EMAIL,1.4396281077503367e-07
1209,MIAMI,1.436733983141109e-07
1210,AMINO,1.4155471717962703e-07
1211,STRIP,1.4083049299673272e-07
1212,DYLAN,1.376828467293981e-07
1213,BELOW,1.3456297703175194e-07
1214,FLOYD,1.338319067654509e-07
1215,QUEST,1.3299120611886917e-07
1216,APPLY,1.3106133410927567e-07
1217,SETUP,1.3051324076253982e-07
1218,STRAP,1.2789708037458377e-07
1219,INDIE,1.2710854752525617e-07
1220,NEPAL,1.2707853906018645e-07
1221,ENEMY,1.2442072785477556e-07
1222,UPSET,1.2245402896980197e-07
1223,LLOYD,1.2197338338117045e-07
1224,SWING,1.2016945845117333e-07
1225,HOBBY,1.1822856011638352e-07
1226,MULTI,1.1757186911723881e-07
1227,JEWEL,1.174212372346196e-07
1228,ONION,1.1706771342847247e-07
1229,FIFTH,1.1658660100673692e-07
1230,ACTOR,1.1597863270487779e-07
1231,QUEUE,1.1503826479482786e-07
1232,ADOBE,1.1496366775243486e-07
1233,JIMMY,1.1205662762785929e-07
1234,ASKED,1.1159177555659827e-07
1235,NOKIA,1.1002871966377573e-07
1236,JUDGE,1.0801362975761367e-07
1237,AGAIN,1.074680366149761e-07
1238,SKILL,1.0739375239888992e-07
1239,PUPPY,1.0686351020461061e-07
1240,MAMBO,1.0621985965080682e-07
1241,SCREW,1.0511785077849419e-07
1242,EIGHT,1.0395713884653069e-07
1243,UNDER,1.0321526524404181e-07
1244,EXAMS,1.0292110624550226e-07
1245,AVOID,1.0116802762214267e-07
1246,ARROW,9.858026584695439e-08
1247,AGENT,9.849226780684893e-08
1248,RUGBY,9.669222673576865e-08
1249,MSGID,9.384242480150342e-08
1250,ULTRA,9.381035288598685e-08
1251,EDDIE,9.244258001836814e-08
1252,TOXIC,9.184830628967863e-08
1253,ADMIT,9.122596963491211e-08
1254,NEWLY,9.062219561192042e-08
1255,KNOWS,8.866344772891157e-08
1256,MUSIC,8.817890183792911e-08
1257,IMAGE,8.720779272734465e-08
1258,ABUSE,8.671545224755086e-08
1259,SWIFT,8.482550008318117e-08
1260,NIKON,8.42114136206677e-08
1261,ADOPT,8.3540265233436e-08
1262,THROW,8.33763442486679e-08
1263,APNIC,8.268186984755115e-08
1264,LINUX,8.235109212344336e-08
1265,URBAN,7.942227988950292e-08
1266,STAMP,7.771101772111702e-08
1267,AFTER,7.667419703843105e-08
1268,UNION,7.634850875769943e-08
1269,EBONY,7.409772348020619e-08
1270,UNCLE,7.361043634844547e-08
1271,CUBIC,7.309566862880966e-08
1272,REMIX,7.280265866535858e-08
1273,OPERA,7.033729018270946e-08
1274,NIGHT,7.017106872140822e-08
1275,VOLVO,7.011698466249519e-08
1276,EXACT,6.907219292487609e-08
1277,ADMIN,6.862871110149351e-08
1278,DIFFS,6.786579030444688e-08
1279,HOWTO,6.690964070827779e-08
1280,QUICK,6.68524255788811e-08
1281,MAZDA,6.650177135250989e-08
1282,PLAZA,6.631523061940325e-08
1283,ESSAY,6.582597027555344e-08
1284,EPSON,6.557378414514099e-08
1285,MAJOR,6.552380412673768e-08
1286,KNOCK,6.21491622678761e-08
1287,AMONG,6.158963431750766e-08
1288,OCEAN,6.065479661507901e-08
1289,EVENT,6.061062634267626e-08
1290,USAGE,5.945985867773499e-08
1291,ALLOW,5.794844559545425e-08
1292,YOUNG,5.7730388815114694e-08
1293,UPPER,5.659285971884197e-08
1294,CLIMB,5.265184382620524e-08
1295,EVERY,5.245846904147294e-08
1296,GROUP,5.209610789215844e-08
1297,KNIFE,5.113988209470948e-08
1298,SCOOP,4.996322404228606e-08
1299,LYING,4.9441148619911306e-08
1300,EXIST,4.847171433324638e-08
1301,DYING,4.806778338046933e-08
1302,ABOVE,4.692394602140198e-08
1303,UNTIL,4.549908235279057e-08
1304,OXIDE,4.52953241410284e-08
1305,ABOUT,4.219635845974573e-08
1306,SCUBA,4.2169557667498895e-08
1307,DELHI,4.122184435512946e-08
1308,VINYL,4.0177351005679944e-08
1309,NYLON,3.9978855494940793e-08
1310,YACHT,3.9926651201284193e-08
1311,EMPTY,3.9261369911542644e-08
1312,EDGAR,3.9038124225103726e-08
1313,ALPHA,3.783046067402245e-08
1314,IDEAL,3.670842971489592e-08
1315,INTRO,3.639238771407632e-08
1316,SQUAD,3.6279669978783034e-08
1317,KENYA,3.514394685284308e-08
1318,LYRIC,3.47650131283363e-08
1319,DEBUG,3.423175857714616e-08
1320,IVORY,3.4023771194351555e-08
1321,OUGHT,3.289650400412028e-08
1322,INDIA,3.241267961894033e-08
1323,CLIFF,3.073729261205495e-08
1324,PROXY,2.998465216978068e-08
1325,EXCEL,2.891930012367623e-08
1326,DUBAI,2.7659500459030865e-08
1327,OZONE,2.5136395870866404e-08
1328,TOKYO,2.5099848132806247e-08
1329,OSCAR,2.4661073543222414e-08
1330,ALBUM,2.408211988131984e-08
1331,ISSUE,2.3759398637790493e-08
1332,CZECH,2.3097438921732266e-08
1333,STAFF,2.2683215983461187e-08
1334,OTHER,2.2609058101075822e-08
1335,THUMB,2.1644452168138687e-08
1336,KNOWN,2.1510067200505173e-08
1337,LOPEZ,2.016378269274869e-08
1338,OFTEN,1.993486843320664e-08
1339,AGING,1.9129015835084734e-08
1340,USUAL,1.8923146045751605e-08
1341,YUKON,1.888110740388821e-08
1342,ZDNET,1.7819475183419212e-08
1343,ISAAC,1.7120941660441928e-08
1344,ESSEX,1.642867509114439e-08
1345,INDEX,1.6277676239203727e-08
1346,TWIKI,1.6186884419542828e-08
1347,EBOOK,1.6122586581712475e-08
1348,EXTRA,1.5635058814331142e-08
1349,INPUT,1.4440531561779651e-08
1350,OMEGA,1.4411539782207043e-08
1351,XANAX,1.4284852347017877e-08
1352,JACOB,1.3504009811066009e-08
1353,OMAHA,1.2991979121085095e-08
1354,USING,1.2507433430632324e-08
1355,SKYPE,1.179114541050614e-08
1356,ISLAM,1.153410806598193e-08
1357,ENDIF,1.0399790252066415e-08
1358,ASCII,9.902203915743056e-09
1359,HINDU,9.240236178497474e-09
1360,OCCUR,9.143993560970108e-09
1361,STUFF,8.754925467300808e-09
1362,XHTML,8.343709271109407e-09
1363,XEROX,7.592529085992948e-09
1364,YAHOO,7.546176649570524e-09
1365,IDAHO,7.424732664554724e-09
1366,ENJOY,6.376482993067285e-09
1367,EQUAL,5.936673269255405e-09
1368,TVCOM,5.734481595383493e-09
1369,SBJCT,5.301593755198823e-09
1370,REHAB,5.085900016653778e-09
1371,FUZZY,4.403716079860327e-09
1372,PHPBB,3.676100137893334e-09
1373,AWFUL,3.6420489943971363e-09
1374,PIZZA,3.61146541019411e-09
1375,INBOX,2.7932381252816864e-09
1376,OFFER,2.5838923544086656e-09
1377,IRAQI,2.0217723573467445e-09
1378,EGYPT,1.8360497853502418e-09
